label,Collection_Number,Collector.x,Collector.y,Physaria_a_priori_1,Physaria_a_priori_2,Physaria_a_priori_3,Physaria_a_priori_4,Physaria_recent,Physaria_syn,Taxon,Taxon_a_posteriori,ID_prior,ID_final,Herbarium.x,Herbarium.y,State.x,State.y,County.x,County.y,Date,Date_parsed,Date_md,App.A,Latitude,Longitude
LARGY_7548,7548,Missing,Missing,Lesquerella argyrea,NA,NA,NA,Lesquerella argyrea,Lesquerella argyrea,Lesquerella argyrea,Lesquerella argyrea,Physaria argyreae,NA,NA,ISTC,Unknown,Unknown,NA,Unknown,NA,NA,NA,NA,NA,NA
LFEND_4355,4355,Oroth,Oroth,Lesquerella fendleri,NA,NA,NA,Lesquerella fendleri,Lesquerella fendleri,Lesquerella fendleri,Lesquerella fendleri,Physaria fendleri,NA,NA,ISTC,New Mexico,New Mexico,McKinley,McKinley,NA,NA,NA,NA,NA,NA
PACUT_12821,12821,R.L. Hartman with K.H. Dueholm,R.L. Hartman with K.H. Dueholm,Physaria acutifolia,NA,NA,NA,Physaria acutifolia,Physaria acutifolia,Physaria acutifolia,Physaria acutifolia,Physaria acutifolia,NA,UTC,UTC,Wyoming,Wyoming,Hot Springs,Hot Springs,05/28/1981,1981-05-28,2019-05-28,x,43.6339,-108.0067
PACUT_14050,14050,W. Fertig,W. Fertig,Physaria acutifolia,NA,NA,NA,Physaria acutifolia,Physaria acutifolia,Physaria acutifolia,Physaria acutifolia,Physaria acutifolia,NA,RM,RM,Wyoming,Wyoming,Natrona,Natrona,07/09/1993,1993-07-09,2019-07-09,x,42.7004,-106.3326
PACUT_14222,14222,"N.H., P.K. Holmgren","N.H., P.K. Holmgren",Physaria acutifolia,NA,NA,NA,Physaria acutifolia,Physaria acutifolia,Physaria acutifolia,Physaria acutifolia,Physaria acutifolia,NA,ISTC,"UTC, NY",Utah,Utah,Grand,Grand,05/19/2001,2001-05-19,2019-05-19,x,38.6653,-109.4194
PACUT_16125,16125,W. Fertig,W. Fertig,Physaria acutifolia,NA,NA,NA,Physaria acutifolia,Physaria acutifolia,Physaria acutifolia,Physaria acutifolia,Physaria acutifolia,NA,RM,RM,Wyoming,Wyoming,Sweetwater,Sweetwater,07/27/1995,1995-07-27,2019-07-27,x,42.0905,-108.7717
PACUT_26706,26706,B. E. Nelson with R. Nelson,B. E. Nelson with R. Nelson,Physaria acutifolia,NA,NA,NA,Physaria acutifolia,Physaria acutifolia,Physaria acutifolia,Physaria acutifolia,Physaria acutifolia,NA,RM,RM,Wyoming,Wyoming,Sublette,Sublette,06/28/1993,1993-06-28,2019-06-28,x,42.3843,-110.2758
PACUT_3721,3721,"S.L. O'Kane, Jr. & J.A. Anderson","S.L. O'Kane, Jr. & J.A. Anderson",Physaria acutifolia,NA,NA,NA,Physaria acutifolia,Physaria acutifolia,Physaria acutifolia,Physaria acutifolia,Physaria acutifolia,NA,ITSC,RM,Colorado,Colorado,Ouray,Ouray,05/18/1996,1996-05-18,2019-05-18,x,38.2914,-107.7589
PACUT_3769,3769,"S.L. O'Kane, Jr.","S.L. O'Kane, Jr.",Physaria acutifolia,NA,NA,NA,Physaria acutifolia,Physaria acutifolia,Physaria acutifolia,NA,Physaria acutifolia,NA,RM,RM,Colorado,Colorado,Rio Blanco,Rio Blanco,05/30/1996,1996-05-30,2019-05-30,x,40.1808,-108.8417
PACUT_48,48,"J. Ratcliff & S. L. O'Kane, Jr.","J. Ratcliff & S. L. O'Kane, Jr.",Physaria acutifolia,NA,NA,NA,Physaria acutifolia,Physaria acutifolia,Physaria acutifolia,NA,Physaria acutifolia,NA,ISTC,ISTC,Montana,Montana,Carbon,Carbon,06/15/2014,2014-06-15,2019-06-15,NA,45.0086,-108.4236
PACUT_5199,5199,L. M. Moore,L. M. Moore,Physaria acutifolia,NA,NA,NA,Physaria acutifolia,Physaria acutifolia,Physaria acutifolia,Physaria acutifolia,Physaria acutifolia,NA,RM,RM,Colorado,Colorado,Montezuma,Montezuma,06/07/1995,1995-06-07,2019-06-07,x,37.3928,-108.4724
PACUT_7997,7997,R. Dorn,R. Dorn,Physaria acutifolia,NA,NA,NA,Physaria acutifolia,Physaria acutifolia,Physaria acutifolia,Physaria acutifolia,Physaria acutifolia,NA,RM,RM,Wyoming,Wyoming,Uinta,Uinta,06/28/1999,1999-06-28,2019-06-28,x,41.0916,-110.0956
PACUT_8621,8621,Rollins and Rollins,Rollins and Rollins,Physaria acutifolia,NA,NA,NA,Physaria acutifolia,Physaria acutifolia,Physaria acutifolia,Physaria acutifolia,Physaria acutifolia,NA,RM,"RM, NY, UTC",Wyoming,Wyoming,Albany,Albany,06/15/1986,1986-06-15,2019-06-15,x,41.1589,-105.9333
PBRAS_1811,1811,B. Heidel,B. Heidel,Physaria brassicoides,NA,NA,NA,Physaria brassicoides,Physaria brassicoides,Physaria brassicoides,Physaria acutifolia,Physaria brassicoides,NA,MONTU,MONTU,Montana,Montana,Powder River,Powder River,05/30/1999,1999-05-30,2019-05-30,x,45.025,-105.8917
PBRAS_3122,3122,A. Salywon & D. Dierig,A. Salywon & D. Dierig,Physaria brassicoides,Physaria brassicoides,NA,NA,Physaria brassicoides,Physaria brassicoides,"Physaria brassicoides, !",Physaria brassicoides,Physaria brassicoides,NA,ISTC,RM,Wyoming,Wyoming,Converse,Converse,06/23/1996,1996-06-23,2019-06-23,x,42.6786,-105.3939
PBRAS_3130,3130,A. Salywon & D. Dierig,A. Salywon & D. Dierig,Physaria brassicoides,NA,NA,NA,Physaria brassicoides,Physaria brassicoides,Physaria brassicoides,Physaria brassicoides,Physaria brassicoides,NA,ISTC,RM,Wyoming,Wyoming,Campbell,Campbell,06/23/1996,1996-06-23,2019-06-23,x,42.8261,-105.0561
PBRAS_4225,4225,R. Dorn,R. Dorn,Physaria brassicoides,NA,NA,NA,Physaria brassicoides,Physaria brassicoides,Physaria brassicoides,Physaria brassicoides,Physaria brassicoides,NA,RM,NY,Wyoming,Wyoming,Platte,Platte,06/08/1985,1985-06-08,2019-06-08,x,42.1689,-104.8226
PBRAS_53,53,"J. Ratcliff & S. L. O'Kane, Jr.","J. Ratcliff & S. L. O'Kane, Jr.",Physaria brassicoides,NA,NA,NA,Physaria brassicoides,Physaria brassicoides,Physaria brassicoides,NA,Physaria brassicoides,NA,ISTC,ISTC,Montana,Wyoming,Crook,Crook,06/17/2014,2014-06-17,2019-06-17,NA,44.6872,-104.5994
PBRAS_54,54,"J. Ratcliff & S. L. O'Kane, Jr.","J. Ratcliff & S. L. O'Kane, Jr.",Physaria brassicoides,NA,NA,NA,Physaria brassicoides,Physaria brassicoides,Physaria brassicoides,NA,Physaria brassicoides,NA,ISTC,ISTC,Montana,Wyoming,Crook,Crook,06/17/2014,2014-06-17,2019-06-17,NA,44.4797,-104.2414
PCOND_16765,16765,W. Fertig,W. Fertig,Physaria condensata,NA,NA,NA,Physaria condensata,Physaria condensata,Physaria condensata,Physaria integrifolia,Physaria condensata,NA,RM,RM,Wyoming,Wyoming,Lincoln,Lincoln,07/04/1996,1996-07-04,2019-07-04,NA,41.687,-110.9143
PCOND_3787,3787,"S.L. O'Kane, Jr.","S.L. O'Kane, Jr.",Physaria condensata,NA,NA,NA,Physaria condensata,Physaria condensata,Physaria condensata,Physaria condensata,Physaria condensata,NA,ISTC,MO,Wyoming,Wyoming,Uinta,Uinta,06/03/1996,1996-06-03,2019-06-03,MISSING,41.3308,-110.4194
PCOND_40,40,"J. Ratcliff & S. L. O'Kane, Jr.","J. Ratcliff & S. L. O'Kane, Jr.",Physaria condensata,NA,NA,NA,Physaria condensata,Physaria condensata,Physaria condensata,NA,Physaria condensata,NA,ISTC,ISTC,Wyoming,Wyoming,Lincoln,Lincoln,06/12/2014,2014-06-12,2019-06-12,NA,41.8997,-110.4142
PCOND_41,41,"J. Ratcliff & S. L. O'Kane, Jr.","J. Ratcliff & S. L. O'Kane, Jr.",Physaria condensata,NA,NA,NA,Physaria condensata,Physaria condensata,Physaria condensata,Physaria integrifolia,Physaria condensata,NA,ISTC,ISTC,Wyoming,Wyoming,Lincoln,Lincoln,06/12/2014,2014-06-12,2019-06-12,NA,41.8261,-110.6447
PDIDY_DI_12677,12677,E. F. Evert,E. F. Evert,Physaria didymocarpa ssp didymocarpa,NA,NA,NA,Physaria didymocarpa ssp didymocarpa,Physaria didymocarpa ssp. didymocarpa,Physaria didymocarpa ssp didymocarpa,Physaria saximontana ssp. saximontana,Physaria didymocarpa ssp. didymocarpa,NA,RM,RM,Wyoming,Wyoming,Park,Park,06/28/1987,1987-06-28,2019-06-28,x,44.5053,-109.9456
PDIDY_DI_3794,3794,"S.L. O'Kane, Jr.","S.L. O'Kane, Jr.",Physaria didymocarpa ssp didymocarpa,NA,NA,NA,Physaria didymocarpa ssp didymocarpa,Physaria didymocarpa ssp. didymocarpa,Physaria didymocarpa ssp didymocarpa,Physaria saximontana ssp. saximontana,Physaria didymocarpa ssp. didymocarpa,NA,ISTC,MO,Montana,Montana,Granite,Granite,06/10/1996,1996-06-10,2019-06-10,x,46.7111,-113.2453
PDIDY_DI_46,46,"J. Ratcliff & S. L. O'Kane, Jr.","J. Ratcliff & S. L. O'Kane, Jr.",Physaria didymocarpa ssp didymocarpa,NA,NA,NA,Physaria didymocarpa ssp didymocarpa,Physaria didymocarpa ssp. didymocarpa,Physaria didymocarpa ssp didymocarpa,Physaria didymocarpa ssp. didymocarpa,Physaria didymocarpa ssp. didymocarpa,NA,ISTC,ISTC,Montana,Montana,Granite,Granite,06/14/2014,2014-06-14,2019-06-14,NA,46.7119,-113.2456
PDIDY_DI_47,47,"J. Ratcliff & S. L. O'Kane, Jr.","J. Ratcliff & S. L. O'Kane, Jr.",Physaria didymocarpa ssp didymocarpa,NA,NA,NA,Physaria didymocarpa ssp didymocarpa,Physaria didymocarpa ssp. didymocarpa,Physaria didymocarpa ssp didymocarpa,NA,Physaria didymocarpa ssp. didymocarpa,NA,ISTC,ISTC,Montana,Montana,Granite,Gallatin,06/14/2014,2014-06-14,2019-06-14,NA,45.7029,-110.9314
PDIDY_DI_551,551,S. Smith,S. Smith,Physaria didymocarpa ssp didymocarpa,NA,NA,NA,Physaria didymocarpa ssp didymocarpa,Physaria didymocarpa ssp. didymocarpa,Physaria didymocarpa ssp didymocarpa,Physaria saximontana ssp. saximontana,Physaria didymocarpa ssp. didymocarpa,NA,RM,RM,Wyoming,Wyoming,Park,Park,08/25/2012,2012-08-25,2019-08-25,x,43.9215,-109.0978
PDIDY_LA_14773,14773,W. Fertig & J. Britt,W. Fertig & J. Britt,Physaria didymocarpa ssp lanata,NA,NA,NA,Physaria didymocarpa ssp lanata,Physaria didymocarpa ssp. lanata,Physaria didymocarpa ssp lanata,NA,Physaria didymocarpa ssp. lanata,NA,RM,RM,Wyoming,Wyoming,Sheridan,Sheridan,06/03/1994,1994-06-03,2019-06-03,x,44.9032,-107.3671
PDIDY_LA_3136,3136,A. Salywon & D. Dierig,A. Salywon & D. Dierig,Physaria brassicoides,Physaria didymocarpa ssp lanata,NA,NA,Physaria didymocarpa ssp lanata,Physaria didymocarpa ssp. lanata,"Physaria brassicoides, Physaria didymocarpa ssp lanata",Physaria didymocarpa ssp lanata ?,Physaria didymocarpa ssp. lanata,NA,ISTC,ISTC,Wyoming,Wyoming,Johnson,Johnson,06/24/1996,1996-06-24,2019-06-24,x,44.3256,-106.8136
PDIDY_LA_3138,3138,A. Salywon & D. Dierig,A. Salywon & D. Dierig,Physaria didymocarpa ssp lanata,Physaria didymocarpa ssp lanata,NA,NA,Physaria didymocarpa ssp lanata,Physaria didymocarpa ssp. lanata,"Physaria didymocarpa ssp lanata, !",Physaria didymocarpa ssp lanata ?,Physaria didymocarpa ssp. lanata,NA,ISTC,ISTC,Wyoming,Wyoming,Johnson,Johnson,06/24/1996,1996-06-24,2019-06-24,x,44.3289,-106.8425
PDIDY_LA_32,32,K. O'Dea,K. O'Dea,Physaria didymocarpa ssp lanata,NA,NA,NA,Physaria didymocarpa ssp lanata,Physaria didymocarpa ssp. lanata,Physaria didymocarpa ssp lanata,NA,Physaria didymocarpa ssp. lanata,NA,RM,RM,Wyoming,Wyoming,Big Horn,Big Horn,08/08/1999,1999-08-08,2019-08-08,x,44.8612,-107.853
PDIDY_LA_52,52,"J. Ratcliff & S. L. O'Kane, Jr.","J. Ratcliff & S. L. O'Kane, Jr.",Physaria didymocarpa ssp lanata,NA,NA,NA,Physaria didymocarpa ssp lanata,Physaria didymocarpa ssp. lanata,Physaria didymocarpa ssp lanata,NA,Physaria didymocarpa ssp. lanata,NA,ISTC,ISTC,Wyoming,Wyoming,Johnson,Johnson,06/17/2014,2014-06-17,2019-06-17,NA,44.3306,-106.8458
PDIDY_LY_2689,2689,R. Rosentreter,R. Rosentreter,Physaria didymocarpa ssp lyrata,NA,NA,NA,Physaria didymocarpa ssp lyrata,Physaria didymocarpa ssp. lyrata,Physaria didymocarpa ssp lyrata,Physaria saximontana ssp. saximontana,Physaria didymocarpa ssp. lyrata,NA,NY,"NY, [MONTU], NY",Idaho,Idaho,Lemhi,Lemhi,05/20/1982,1982-05-20,2019-05-20,x,44.9761,-113.5358
PDIDY_LY_2689,2689,R. Rosentreter,R. Rosentreter,Physaria didymocarpa (Hook.) Gray var.,Physaria didymocarpa (Hook.) Gray var. didymocarpa,NA,NA,Physaria didymocarpa (Hook.) Gray var. didymocarpa,Physaria didymocarpa ssp. didymocarpa,"Physaria didymocarpa (Hook.) Gray var., Physaria didymocarpa (Hook.) Gray var. didymocarpa",Physaria saximontana ssp. saximontana,Physaria didymocarpa ssp. lyrata,NA,NY,"[NY], MONTU, NY",Idaho,Idaho,Lemhi,Lemhi,05/20/1982,1982-05-20,2019-05-20,x,44.9761,-113.5358
PDIDY_LY_3855,3855,R. Rosentreter,R. Rosentreter,Physaria didymocarpa ssp lyrata,NA,NA,NA,Physaria didymocarpa ssp lyrata,Physaria didymocarpa ssp. lyrata,Physaria didymocarpa ssp lyrata,Physaria saximontana ssp. saximontana,Physaria didymocarpa ssp. lyrata,NA,NY,NY,Idaho,Idaho,Lemhi,Lemhi,06/07/1986,1986-06-07,2019-06-07,x,44.9906,-113.5766
PDIDY_LY_45,45,"J. Ratcliff & S. L. O'Kane, Jr.","J. Ratcliff & S. L. O'Kane, Jr.",Physaria didymocarpa ssp lyrata,NA,NA,NA,Physaria didymocarpa ssp lyrata,Physaria didymocarpa ssp. lyrata,Physaria didymocarpa ssp lyrata,NA,Physaria didymocarpa ssp. lyrata,NA,ISTC,ISTC,Idaho,Idaho,Lemhi,Lemhi,06/14/2014,2014-06-14,2019-06-14,NA,45.0819,-113.9622
PDORN_17503,17503,W. Fertig,W. Fertig,Physaria dornii,NA,NA,NA,Physaria dornii,Physaria dornii,Physaria dornii,Physaria integrifolia,Physaria dornii,NA,RM,RM,Wyoming,Wyoming,Lincoln,Lincoln,06/27/1997,1997-06-27,2019-06-27,NA,41.9417,-110.8773
PDORN_17506,17506,W. Fertig,W. Fertig,Physaria dornii,NA,NA,NA,Physaria dornii,Physaria dornii,Physaria dornii,Physaria integrifolia,Physaria dornii,NA,RM,RM,Wyoming,Wyoming,Lincoln,Lincoln,06/17/1997,1997-06-17,2019-06-17,NA,42.0161,-110.8579
PDORN_42,42,"J. Ratcliff & S. L. O'Kane, Jr.","J. Ratcliff & S. L. O'Kane, Jr.",Physaria dornii,NA,NA,NA,Physaria dornii,Physaria dornii,Physaria dornii,Physaria integrifolia,Physaria dornii,NA,ISTC,ISTC,Wyoming,Wyoming,Lincoln,Lincoln,06/12/2014,2014-06-12,2019-06-12,NA,41.8369,-110.8833
PDORN_4376,4376,C. H. Refsdal with L. Refsdal,C. H. Refsdal with L. Refsdal,Physaria dornii,NA,NA,NA,Physaria dornii,Physaria dornii,Physaria dornii,Physaria condensata,Physaria dornii,NA,RM,RM,Wyoming,Wyoming,Uinta,Uinta,06/24/1995,1995-06-24,2019-06-24,NA,41.2648,-110.7084
PEBUR_10410,10410,R. Dorn,R. Dorn,Physaria eburniflora,NA,NA,NA,Physaria eburniflora,Physaria eburniflora,Physaria eburniflora,Physaria eburniflora,Physaria eburniflora,NA,RM,RM,Wyoming,Wyoming,Carbon,Carbon,06/20/2008,2008-06-20,2019-06-20,x,42.35,-106.4692
PEBUR_14841,14841,W. Fertig,W. Fertig,Physaria eburniflora,NA,NA,NA,Physaria eburniflora,Physaria eburniflora,Physaria eburniflora,Physaria saximontana ssp. saximontana,Physaria eburniflora,NA,RM,RM,Wyoming,Wyoming,Fremont,Fremont,06/13/1994,1994-06-13,2019-06-13,x,42.63,-108.1795
PEBUR_3120,3120,A. Salywon & D. Dierig,A. Salywon & D. Dierig,Physaria eburniflora,Physaria eburniflora,NA,NA,Physaria eburniflora,Physaria eburniflora,"Physaria eburniflora, !",Physaria eburniflora,Physaria eburniflora,NA,ISTC,ISTC,Wyoming,Wyoming,Carbon,Carbon,06/22/1996,1996-06-22,2019-06-22,x,42.3458,-107.4597
PEBUR_3121,3121,A. Salywon & D. Dierig,A. Salywon & D. Dierig,Physaria eburniflora,Physaria eburniflora,NA,NA,Physaria eburniflora,Physaria eburniflora,"Physaria eburniflora, !",Physaria eburniflora,Physaria eburniflora,NA,ISTC,ISTC,Wyoming,Wyoming,Natrona,Natrona,06/23/2000,2000-06-23,2019-06-23,x,42.4333,-107.225
PEBUR_37,37,"J. Ratcliff & S. L. O'Kane, Jr.","J. Ratcliff & S. L. O'Kane, Jr.",Physaria eburniflora,NA,NA,NA,Physaria eburniflora,Physaria eburniflora,Physaria eburniflora,Physaria eburniflora,Physaria eburniflora,NA,ISTC,ISTC,Wyoming,Wyoming,Fremont,Fremont,06/10/2014,2014-06-10,2019-06-10,x,42.3067,-107.6322
PEBUR_38,38,"J. Ratcliff & S. L. O'Kane, Jr.","J. Ratcliff & S. L. O'Kane, Jr.",Physaria eburniflora,NA,NA,NA,Physaria eburniflora,Physaria eburniflora,Physaria eburniflora,Physaria eburniflora,Physaria eburniflora,NA,ISTC,ISTC,Wyoming,Wyoming,Fremont,Fremont,06/10/2014,2014-06-10,2019-06-10,x,42.4417,-107.1967
PINTE_17493,17493,W. Fertig,W. Fertig,Physaria integrifolia,NA,NA,NA,Physaria integrifolia,Physaria integrifolia,Physaria integrifolia,Physaria integrifolia,Physaria integrifolia,NA,RM,RM,Wyoming,Wyoming,Lincoln,Lincoln,06/08/1997,1997-06-08,2019-06-08,NA,41.9268,-110.8773
PINTE_19288,19288,B. E. Nelson,B. E. Nelson,Physaria integrifolia,NA,NA,NA,Physaria integrifolia,Physaria integrifolia,Physaria integrifolia,Physaria integrifolia,Physaria integrifolia,NA,RM,RM,Wyoming,Wyoming,Teton,Teton,07/06/1990,1990-07-06,2019-07-06,x,43.6052,-110.3772
PINTE_3149,3149,A. Salywon with D. Dierig,A. Salywon with D. Dierig,Physaria didymocarpa var. integrifolia,NA,NA,NA,Physaria didymocarpa var. integrifolia,Physaria integrifolia,Physaria didymocarpa var. integrifolia,Physaria integrifolia,Physaria integrifolia,NA,ISTC,ISTC,Wyoming,Wyoming,Sublette,Sublette,06/26/1996,1996-06-26,2019-06-26,NA,42.8389,-110.5844
PINTE_43,43,"J. Ratcliff & S. L. O'Kane, Jr.","J. Ratcliff & S. L. O'Kane, Jr.",Physaria integrifolia,NA,NA,NA,Physaria integrifolia,Physaria integrifolia,Physaria integrifolia,Physaria integrifolia,Physaria integrifolia,NA,ISTC,ISTC,Wyoming,Wyoming,Lincoln,Lincoln,06/13/2014,2014-06-13,2019-06-13,NA,42.7258,-110.9094
PINTE_44,44,"J. Ratcliff & S. L. O'Kane, Jr.","J. Ratcliff & S. L. O'Kane, Jr.",Physaria integrifolia,NA,NA,NA,Physaria integrifolia,Physaria integrifolia,Physaria integrifolia,Physaria integrifolia,Physaria integrifolia,NA,ISTC,ISTC,Wyoming,Wyoming,Lincoln,Lincoln,06/13/2014,2014-06-13,2019-06-13,NA,43.1972,-110.8897
PINTE_68918,68918,B. E. Nelson with D. Scott,B. E. Nelson with D. Scott,Physaria integrifolia var. integrifolia,NA,NA,NA,Physaria integrifolia var. integrifolia,Physaria integrifolia,Physaria integrifolia var. integrifolia,Physaria integrifolia,Physaria integrifolia,NA,NY,NY,Wyoming,Wyoming,Teton,Teton,06/15/2006,2006-06-15,2019-06-15,x,43.7914,-110.533
POBCO_3762,3762,Missing,Missing,Physaria obcordata,NA,NA,NA,Physaria obcordata,Physaria obcordata,Physaria obcordata,Physaria obcordata,Physaria obcordata,NA,NA,ISTC,Unknown,Unknown,NA,Unknown,NA,NA,NA,NA,NA,NA
PSAXI_DE_4481,4481,P. Lesica,P. Lesica,Physaria saximontana ssp dentata,NA,NA,NA,Physaria saximontana ssp dentata,Physaria saximontana ssp. dentata,Physaria saximontana ssp dentata,Physaria saximontana ssp. saximontana,Physaria saximontana ssp. dentata,NA,GH,GH,Montana,Montana,Stillwater,Sweetgrass,08/10/1987,1987-08-10,2019-08-10,x,45.4724,-110.0253
PSAXI_DE_56,56,J. Ratcliff & M. Horsch,J. Ratcliff & M. Horsch,Physaria saximontana ssp. dentata,NA,NA,NA,Physaria saximontana ssp. dentata,Physaria saximontana ssp. dentata,Physaria saximontana ssp. dentata,Physaria saximontana ssp. saximontana,Physaria saximontana ssp. dentata,NA,ISTC,ISTC,Montana,Montana,Glacier,Glacier,08/15/2014,2014-08-15,2019-08-15,NA,48.735,-113.3939
PSAXI_DE_79,79,R.S. Wirt,R.S. Wirt,Physaria saximontana ssp dentata,NA,NA,NA,Physaria saximontana ssp dentata,Physaria saximontana ssp. dentata,Physaria saximontana ssp dentata,Physaria saximontana ssp. saximontana,Physaria saximontana ssp. dentata,NA,ISTC,ISTC,Montana,Montana,Pondera,Pondera,08/11/1995,1995-08-11,2019-08-11,x,48.1384,-113.0299
PSAXI_DE_89,89,R.S. Wirt,R.S. Wirt,Physaria saximontana ssp dentata,NA,NA,NA,Physaria saximontana ssp dentata,Physaria saximontana ssp. dentata,Physaria saximontana ssp dentata,Physaria saximontana ssp. saximontana,Physaria saximontana ssp. dentata,NA,ISTC,ISTC,Montana,Montana,Flathead,Flathead,07/10/1996,1996-07-10,2019-07-10,x,47.6906,-113.256
PSAXI_DE_9833,9833,P. Lesica & D. Hanna,P. Lesica & D. Hanna,Physaria saximontana ssp. saximontana,Physaria saximontana ssp dentata,NA,NA,Physaria saximontana ssp dentata,Physaria saximontana ssp. dentata,"Physaria saximontana ssp. saximontana, Physaria saximontana ssp dentata",Physaria saximontana ssp. saximontana,Physaria saximontana ssp. dentata,NA,MONTU,"ISTC, MONTU",Montana,Montana,Fergus,Fergus,07/19/2007,2007-07-19,2019-07-19,x,46.7711,-109.3573
PSAXI_SA_3153,3153,A. Salywon & D. Dierig,A. Salywon & D. Dierig,Physaria saximontana ssp saximontana,NA,NA,NA,Physaria saximontana ssp saximontana,Physaria saximontana ssp. saximontana,Physaria saximontana ssp saximontana,Physaria saximontana ssp. saximontana,Physaria saximontana ssp. saximontana,NA,ISTC,ISTC,Wyoming,Wyoming,Fremont,Fremont,06/26/1996,1996-06-26,2019-06-26,x,42.6131,-108.6056
PSAXI_SA_39,39,"J. Ratcliff & S. L. O'Kane, Jr.","J. Ratcliff & S. L. O'Kane, Jr.",Physaria saximontana ssp. saximontana,NA,NA,NA,Physaria saximontana ssp. saximontana,Physaria saximontana ssp. saximontana,Physaria saximontana ssp. saximontana,Physaria saximontana ssp. saximontana,Physaria saximontana ssp. saximontana,NA,ISTC,ISTC,Wyoming,Wyoming,Fremont,Fremont,06/11/2014,2014-06-11,2019-06-11,NA,42.6917,-108.1794
PSAXI_SA_50,50,"J. Ratcliff & S. L. O'Kane, Jr.","J. Ratcliff & S. L. O'Kane, Jr.",Physaria saximontana ssp. saximontana,NA,NA,NA,Physaria saximontana ssp. saximontana,Physaria saximontana ssp. saximontana,Physaria saximontana ssp. saximontana,NA,Physaria saximontana ssp. saximontana,NA,ISTC,ISTC,Wyoming,Wyoming,Fremont,Hot Springs,06/16/2014,2014-06-16,2019-06-16,NA,43.6986,-108.8783
PSAXI_SA_74315,74315,B.E. Nelson,B.E. Nelson,Physaria saximontana ssp saximontana,NA,NA,NA,Physaria saximontana ssp saximontana,Physaria saximontana ssp. saximontana,Physaria saximontana ssp saximontana,Physaria acutifolia,Physaria saximontana ssp. saximontana,NA,ISTC,ISTC,Montana,Montana,Carbon,Carbon,06/16/2008,2008-06-16,2019-06-16,x,45.0145,-108.2925
PSAXI_SA_9636,9636,P. Lesica with P. Kittelson,P. Lesica with P. Kittelson,Physaria didymocarpa ssp didymocarpa,Physaria saximontana,NA,NA,Physaria saximontana,Physaria saximontana ssp. saximontana,"Physaria didymocarpa ssp didymocarpa, Physaria saximontana",Physaria saximontana ssp. saximontana,Physaria saximontana ssp. saximontana,NA,MONTU,MONTU,Montana,Montana,Madison,Madison,07/17/2006,2006-07-17,2019-07-17,x,45.1967,-111.9552
PVITU_10105,10105,R. Dorn,R. Dorn,Physaria vitulifera,NA,NA,NA,Physaria vitulifera,Physaria vitulifera,Physaria vitulifera,Physaria vitulifera - Carbon,Physaria vitulifera,NA,RM,"[RM], NY",Wyoming,Wyoming,Carbon,Carbon,07/10/2005,2005-07-10,2019-07-10,x,41.0172,-106.8503
PVITU_10105,10105,R. Dorn,R. Dorn,Physaria vitulifera,NA,NA,NA,Physaria vitulifera,Physaria vitulifera,Physaria vitulifera,Physaria vitulifera - Carbon,Physaria vitulifera,NA,RM,"RM, [NY]",Wyoming,Wyoming,Carbon,Carbon,07/10/2005,2005-07-10,2019-07-10,x,41.0172,-106.8503
PVITU_16713,16713,W. Fertig,W. Fertig,Physaria vitulifera,Physaria acutifolia,NA,NA,Physaria acutifolia,Physaria acutifolia,"Physaria vitulifera, Physaria acutifolia",Physaria vitulifera - Carbon,Physaria acutifolia,NA,RM,RM,Wyoming,Wyoming,Carbon,Carbon,06/28/1996,1996-06-28,2019-06-28,x,41.2144,-107.1844
PVITU_19075,19075,W. Fertig & L. Welp,W. Fertig & L. Welp,Physaria vitulifera,Physaria acutifolia,NA,NA,Physaria acutifolia,Physaria acutifolia,"Physaria vitulifera, Physaria acutifolia",Physaria vitulifera - Carbon,Physaria acutifolia,NA,RM,RM,Wyoming,Wyoming,Carbon,Carbon,05/30/2000,2000-05-30,2019-05-30,x,41.3397,-106.5584
PVITU_34,34,"J. Ratcliff & S. L. O'Kane, Jr.","J. Ratcliff & S. L. O'Kane, Jr.",Physaria vitulifera,NA,NA,NA,Physaria vitulifera,Physaria vitulifera,Physaria vitulifera,Physaria vitulifera - Carbon,Physaria vitulifera,NA,ISTC,ISTC,Wyoming,Wyoming,Carbon,Carbon,06/09/2014,2014-06-09,2019-06-09,NA,41.1735,-106.8196
PVITU_3754,3754,"S.L. O'Kane, Jr.","S.L. O'Kane, Jr.",Physaria vitulifera,NA,NA,NA,Physaria vitulifera,Physaria vitulifera,Physaria vitulifera,Physaria vitulifera,Physaria vitulifera,NA,ISTC,MO,Colorado,Colorado,Gilpin,Gilpin,05/24/1996,1996-05-24,2019-05-24,x,39.7333,-105.4167
PVITU_489,489,S.F. Smith,S.F. Smith,Physaria vitulifera,NA,NA,NA,Physaria vitulifera,Physaria vitulifera,Physaria vitulifera,Physaria ?,Physaria vitulifera,NA,RM,RM,Colorado,Colorado,Teller,Teller,10/10/2011,2011-10-10,2019-10-10,NA,38.8667,-105.1167
PVITU_500,500,S.F. Smith,S.F. Smith,Physaria vitulifera,NA,NA,NA,Physaria vitulifera,Physaria vitulifera,Physaria vitulifera,Physaria vitulifera,Physaria vitulifera,NA,RM,RM,Colorado,Colorado,Park,Park,06/15/2011,2011-06-15,2019-06-15,x,38.95,-105.9917
PVITU_9196,9196,"O'Kane, Jr., Steve L.","O'Kane, Jr., Steve L. ",Physaria vitulifera,NA,NA,NA,Physaria vitulifera,Physaria vitulifera,Physaria vitulifera,NA,Physaria vitulifera,NA,RM,RM,Colorado,Colorado,Chaffee,Chaffee,07/07/2009,2009-07-07,2019-07-07,NA,38.8113,-106.3131
PVITU_9837,9837,R. Dorn,R. Dorn,Physaria vitulifera,NA,NA,NA,Physaria vitulifera,Physaria vitulifera,Physaria vitulifera,Physaria vitulifera,Physaria vitulifera,NA,RM,"RM, NY",Colorado,Colorado,Douglas,Douglas,06/28/2004,2004-06-28,2019-06-28,x,39.3067,-105.195
